"filename", "language", "Python", "Markdown", "pip requirements", "PostCSS", "JSON", "JavaScript", "HTML", "comment", "blank", "total"
"d:\Каталог товаров Портфолио\README.md", "Markdown", 0, 165, 0, 0, 0, 0, 0, 0, 47, 212
"d:\Каталог товаров Портфолио\backend\app\__init__.py", "Python", 1, 0, 0, 0, 0, 0, 0, 3, 2, 6
"d:\Каталог товаров Портфолио\backend\app\api\__init__.py", "Python", 0, 0, 0, 0, 0, 0, 0, 3, 1, 4
"d:\Каталог товаров Портфолио\backend\app\api\dependencies.py", "Python", 160, 0, 0, 0, 0, 0, 0, 18, 23, 201
"d:\Каталог товаров Портфолио\backend\app\api\orders.py", "Python", 130, 0, 0, 0, 0, 0, 0, 17, 20, 167
"d:\Каталог товаров Портфолио\backend\app\api\products.py", "Python", 51, 0, 0, 0, 0, 0, 0, 6, 13, 70
"d:\Каталог товаров Портфолио\backend\app\api\store_info.py", "Python", 33, 0, 0, 0, 0, 0, 0, 6, 8, 47
"d:\Каталог товаров Портфолио\backend\app\api\sync.py", "Python", 19, 0, 0, 0, 0, 0, 0, 3, 4, 26
"d:\Каталог товаров Портфолио\backend\app\bot\__init__.py", "Python", 0, 0, 0, 0, 0, 0, 0, 3, 1, 4
"d:\Каталог товаров Портфолио\backend\app\bot\bot_instance.py", "Python", 55, 0, 0, 0, 0, 0, 0, 11, 15, 81
"d:\Каталог товаров Портфолио\backend\app\bot\handlers\__init__.py", "Python", 6, 0, 0, 0, 0, 0, 0, 0, 2, 8
"d:\Каталог товаров Портфолио\backend\app\bot\handlers\admin_orders.py", "Python", 117, 0, 0, 0, 0, 0, 0, 19, 29, 165
"d:\Каталог товаров Портфолио\backend\app\bot\handlers\user_commands.py", "Python", 76, 0, 0, 0, 0, 0, 0, 12, 13, 101
"d:\Каталог товаров Портфолио\backend\app\bot\keyboards\__init__.py", "Python", 14, 0, 0, 0, 0, 0, 0, 0, 2, 16
"d:\Каталог товаров Портфолио\backend\app\bot\keyboards\admin_kb.py", "Python", 76, 0, 0, 0, 0, 0, 0, 6, 11, 93
"d:\Каталог товаров Портфолио\backend\app\bot\keyboards\user_kb.py", "Python", 47, 0, 0, 0, 0, 0, 0, 6, 8, 61
"d:\Каталог товаров Портфолио\backend\app\bot\services\__init__.py", "Python", 10, 0, 0, 0, 0, 0, 0, 0, 2, 12
"d:\Каталог товаров Портфолио\backend\app\bot\services\notifier.py", "Python", 134, 0, 0, 0, 0, 0, 0, 12, 24, 170
"d:\Каталог товаров Портфолио\backend\app\config.py", "Python", 40, 0, 0, 0, 0, 0, 0, 13, 14, 67
"d:\Каталог товаров Портфолио\backend\app\database.py", "Python", 44, 0, 0, 0, 0, 0, 0, 9, 11, 64
"d:\Каталог товаров Портфолио\backend\app\main.py", "Python", 90, 0, 0, 0, 0, 0, 0, 18, 23, 131
"d:\Каталог товаров Портфолио\backend\app\models\__init__.py", "Python", 11, 0, 0, 0, 0, 0, 0, 0, 2, 13
"d:\Каталог товаров Портфолио\backend\app\models\order.py", "Python", 97, 0, 0, 0, 0, 0, 0, 9, 23, 129
"d:\Каталог товаров Портфолио\backend\app\models\product.py", "Python", 48, 0, 0, 0, 0, 0, 0, 10, 11, 69
"d:\Каталог товаров Портфолио\backend\app\models\user.py", "Python", 27, 0, 0, 0, 0, 0, 0, 4, 8, 39
"d:\Каталог товаров Портфолио\backend\app\schemas\__init__.py", "Python", 23, 0, 0, 0, 0, 0, 0, 0, 2, 25
"d:\Каталог товаров Портфолио\backend\app\schemas\auth.py", "Python", 25, 0, 0, 0, 0, 0, 0, 6, 7, 38
"d:\Каталог товаров Портфолио\backend\app\schemas\order.py", "Python", 74, 0, 0, 0, 0, 0, 0, 9, 11, 94
"d:\Каталог товаров Портфолио\backend\app\schemas\product.py", "Python", 40, 0, 0, 0, 0, 0, 0, 1, 11, 52
"d:\Каталог товаров Портфолио\backend\app\services\__init__.py", "Python", 0, 0, 0, 0, 0, 0, 0, 3, 1, 4
"d:\Каталог товаров Портфолио\backend\app\services\order_service.py", "Python", 114, 0, 0, 0, 0, 0, 0, 26, 23, 163
"d:\Каталог товаров Портфолио\backend\app\services\sheets_sync.py", "Python", 265, 0, 0, 0, 0, 0, 0, 33, 41, 339
"d:\Каталог товаров Портфолио\credentials\google_service_account_sample.json", "JSON", 0, 0, 0, 0, 12, 0, 0, 0, 1, 13
"d:\Каталог товаров Портфолио\frontend\css\styles.css", "PostCSS", 0, 0, 0, 108, 0, 0, 0, 8, 19, 135
"d:\Каталог товаров Портфолио\frontend\index.html", "HTML", 0, 0, 0, 0, 0, 0, 134, 24, 18, 176
"d:\Каталог товаров Портфолио\frontend\js\api.js", "JavaScript", 0, 0, 0, 0, 0, 63, 0, 6, 15, 84
"d:\Каталог товаров Портфолио\frontend\js\app.js", "JavaScript", 0, 0, 0, 0, 0, 63, 0, 9, 18, 90
"d:\Каталог товаров Портфолио\frontend\js\components\catalog.js", "JavaScript", 0, 0, 0, 0, 0, 154, 0, 4, 19, 177
"d:\Каталог товаров Портфолио\frontend\js\components\checkoutModal.js", "JavaScript", 0, 0, 0, 0, 0, 378, 0, 7, 31, 416
"d:\Каталог товаров Портфолио\frontend\js\components\orders.js", "JavaScript", 0, 0, 0, 0, 0, 148, 0, 4, 15, 167
"d:\Каталог товаров Портфолио\frontend\js\components\productModal.js", "JavaScript", 0, 0, 0, 0, 0, 183, 0, 5, 20, 208
"d:\Каталог товаров Портфолио\frontend\js\telegram.js", "JavaScript", 0, 0, 0, 0, 0, 77, 0, 6, 12, 95
"d:\Каталог товаров Портфолио\frontend\js\utils.js", "JavaScript", 0, 0, 0, 0, 0, 73, 0, 6, 13, 92
"d:\Каталог товаров Портфолио\requirements.txt", "pip requirements", 0, 0, 12, 0, 0, 0, 0, 5, 5, 22
"d:\Каталог товаров Портфолио\run.py", "Python", 17, 0, 0, 0, 0, 0, 0, 3, 4, 24
"d:\Каталог товаров Портфолио\test_e2e.py", "Python", 148, 0, 0, 0, 0, 0, 0, 36, 35, 219
"d:\Каталог товаров Портфолио\tunnel.py", "Python", 22, 0, 0, 0, 0, 0, 0, 5, 8, 35
"Total", "-", 2014, 165, 12, 108, 12, 1139, 134, 394, 646, 4624